{
  "hash": "41a8a661",
  "configHash": "b2f6fd67",
  "lockfileHash": "799f2d0e",
  "browserHash": "b48de3da",
  "optimized": {
    "@angular/core": {
      "src": "../../../../../node_modules/@angular/core/fesm2022/core.mjs",
      "file": "@angular_core.js",
      "fileHash": "a5a84884",
      "needsInterop": false
    },
    "@angular/platform-browser": {
      "src": "../../../../../node_modules/@angular/platform-browser/fesm2022/platform-browser.mjs",
      "file": "@angular_platform-browser.js",
      "fileHash": "84a24ec3",
      "needsInterop": false
    },
    "@angular/router": {
      "src": "../../../../../node_modules/@angular/router/fesm2022/router.mjs",
      "file": "@angular_router.js",
      "fileHash": "de30af11",
      "needsInterop": false
    },
    "@angular/common": {
      "src": "../../../../../node_modules/@angular/common/fesm2022/common.mjs",
      "file": "@angular_common.js",
      "fileHash": "059c9c14",
      "needsInterop": false
    },
    "@angular/forms": {
      "src": "../../../../../node_modules/@angular/forms/fesm2022/forms.mjs",
      "file": "@angular_forms.js",
      "fileHash": "aaa54124",
      "needsInterop": false
    }
  },
  "chunks": {
    "chunk-7YPWHJBN": {
      "file": "chunk-7YPWHJBN.js"
    },
    "chunk-SJQNNIAA": {
      "file": "chunk-SJQNNIAA.js"
    },
    "chunk-RBFO6OI2": {
      "file": "chunk-RBFO6OI2.js"
    }
  }
}